Distributer 3 2025 Dummy Data (For Illustration Purposes Only),,,,,,,,,,,,,
Customer Name,Customer ID,VAT Number,Contact Person,Product Name,Product Code,m1,m2,m3,m4,m5,m6,m7,m8
GreenMart,81234,VAT99837261,Alice Turner,Tomato Paste,50211,-,3,7,-,2,-,8,1
CityFoods,82345,VAT11293745,Brian Smith,Olive Oil,67342,5,-,-,9,-,2,-,7
DailyChoice,83456,VAT56783490,Carmen Lopez,Cereal,78453,2,1,-,4,-,-,5,-
ValueShop,84567,VAT23098457,David Chen,Pasta,89564,-,-,3,6,1,-,2,-
FoodDirect,85678,VAT87654321,Elena Rossi,Rice,90675,4,-,9,-,-,8,-,5
GreenMart,81234,VAT99837261,Alice Turner,Honey,51222,1,-,2,-,6,3,-,-
CityFoods,82345,VAT11293745,Brian Smith,Cheese,62333,-,7,-,5,-,-,9,2
DailyChoice,83456,VAT56783490,Carmen Lopez,Butter,73444,3,-,-,8,2,-,-,4
ValueShop,84567,VAT23098457,David Chen,Sugar,84455,-,6,-,-,7,1,-,-
FoodDirect,85678,VAT87654321,Elena Rossi,Salt,95466,-,-,5,2,-,4,-,3
GreenMart,81234,VAT99837261,Alice Turner,Coffee,51678,8,-,4,-,-,7,1,-
CityFoods,82345,VAT11293745,Brian Smith,Tea,62890,-,9,-,3,5,-,-,6
DailyChoice,83456,VAT56783490,Carmen Lopez,Juice,73901,-,2,-,-,8,4,-,-
ValueShop,84567,VAT23098457,David Chen,Milk,84912,6,-,1,-,-,3,7,-
FoodDirect,85678,VAT87654321,Elena Rossi,Eggs,95923,-,-,8,5,-,-,2,-
GreenMart,81234,VAT99837261,Alice Turner,Yogurt,52777,2,4,-,-,6,-,-,8
CityFoods,82345,VAT11293745,Brian Smith,Butter Beans,63788,-,1,-,7,-,-,3,-
DailyChoice,83456,VAT56783490,Carmen Lopez,Lentils,74899,5,-,2,-,-,9,-,4
ValueShop,84567,VAT23098457,David Chen,Peas,85800,-,8,-,1,-,6,4,-
FoodDirect,85678,VAT87654321,Elena Rossi,Corn,96811,7,-,-,2,3,-,-,5
GreenMart,81234,VAT99837261,Alice Turner,Soup,53822,-,-,6,-,9,-,1,-
CityFoods,82345,VAT11293745,Brian Smith,Pickles,64833,4,-,-,3,-,7,-,2
DailyChoice,83456,VAT56783490,Carmen Lopez,Jam,75944,-,5,-,-,2,-,8,-
ValueShop,84567,VAT23098457,David Chen,Biscuits,86955,3,-,9,-,-,1,-,6
