Distributer 2 2025 Dummy Data (For Illustration Purposes Only),,,,,,,,,,,,
Customer,Customer_ID,VAT_Number,Item,Item_ID,January,February,March,April,May,June,July,August
Sunrise Grocers,60429,VAT38492015,Ketchup,10234,0,3,0,5,2,0,8,1
Happy Mart,71234,VAT67231894,Mustard,22345,1,0,4,0,6,2,0,7
Fresh Foods,84567,VAT45920387,Mayo,33456,0,2,0,9,1,0,5,3
BudgetMart,62345,VAT82173460,BBQ Sauce,44567,3,0,7,0,0,6,0,4
QuickShop,73456,VAT19504732,Hot Sauce,55678,0,1,0,2,0,8,3,0
Sunrise Grocers,60429,VAT38492015,Relish,66789,4,0,5,0,3,0,6,2
Happy Mart,71234,VAT67231894,Ketchup,10234,0,7,0,8,0,2,0,9
Fresh Foods,84567,VAT45920387,Mustard,22345,5,0,0,6,4,0,7,0
BudgetMart,62345,VAT82173460,Mayo,33456,0,0,2,0,1,3,0,4
QuickShop,73456,VAT19504732,BBQ Sauce,44567,6,0,0,7,0,5,0,2
Sunrise Grocers,60429,VAT38492015,Hot Sauce,55678,0,9,3,0,0,4,2,0
Happy Mart,71234,VAT67231894,Relish,66789,1,0,0,5,0,7,0,3
Fresh Foods,84567,VAT45920387,Ketchup,10234,0,0,8,0,2,0,4,1
BudgetMart,62345,VAT82173460,Mustard,22345,7,0,0,3,5,0,0,6
QuickShop,73456,VAT19504732,Mayo,33456,0,4,0,1,0,2,8,0
Sunrise Grocers,60429,VAT38492015,BBQ Sauce,44567,3,0,9,0,0,6,0,7
Happy Mart,71234,VAT67231894,Hot Sauce,55678,0,2,5,0,0,1,4,0
Fresh Foods,84567,VAT45920387,Relish,66789,6,0,0,8,0,3,0,2
BudgetMart,62345,VAT82173460,Ketchup,10234,0,0,7,0,2,0,5,1
QuickShop,73456,VAT19504732,Mustard,22345,4,0,0,6,0,9,0,0
Sunrise Grocers,60429,VAT38492015,Mayo,33456,0,8,2,0,3,0,0,5
Happy Mart,71234,VAT67231894,BBQ Sauce,44567,5,0,0,4,0,0,7,0
Fresh Foods,84567,VAT45920387,Hot Sauce,55678,0,1,0,2,8,0,3,0
